{"r2_score": 0.7322892983865955, "rmse": 1034.9300880853039, "mean_error": -12.959017153453871, "mean_abs_error": 19.525173852573023, "mean_abs_perc_error": 39.48688846906375}