{"r2_score": 0.7423785876459894, "rmse": 995.9263838664813, "mean_error": -11.919749652294852, "mean_abs_error": 19.074965229485397, "mean_abs_perc_error": 38.786829636309186}